"dataset_name","class_folder","folder_path","original_filename","renamed_filename"
"Public_Dataset","Healthy","D:\Final Semester\Thesis Work\Codes\Dataset\Spiral_Handwriting\Public_Dataset\Healthy","HP001_hand_spiral_01.png","HP001_hand_spiral_01.png"
"Public_Dataset","Healthy","D:\Final Semester\Thesis Work\Codes\Dataset\Spiral_Handwriting\Public_Dataset\Healthy","HP001_hand_spiral_02.png","HP002_hand_spiral_01.png"
"Public_Dataset","Healthy","D:\Final Semester\Thesis Work\Codes\Dataset\Spiral_Handwriting\Public_Dataset\Healthy","HP001_hand_spiral_03.png","HP003_hand_spiral_01.png"
"Public_Dataset","Healthy","D:\Final Semester\Thesis Work\Codes\Dataset\Spiral_Handwriting\Public_Dataset\Healthy","HP002_hand_spiral_01.png","HP004_hand_spiral_01.png"
"Public_Dataset","Healthy","D:\Final Semester\Thesis Work\Codes\Dataset\Spiral_Handwriting\Public_Dataset\Healthy","HP002_hand_spiral_02.png","HP005_hand_spiral_01.png"
"Public_Dataset","Healthy","D:\Final Semester\Thesis Work\Codes\Dataset\Spiral_Handwriting\Public_Dataset\Healthy","HP002_hand_spiral_03.png","HP006_hand_spiral_01.png"
"Public_Dataset","Healthy","D:\Final Semester\Thesis Work\Codes\Dataset\Spiral_Handwriting\Public_Dataset\Healthy","HP003_hand_spiral_01.png","HP007_hand_spiral_01.png"
"Public_Dataset","Healthy","D:\Final Semester\Thesis Work\Codes\Dataset\Spiral_Handwriting\Public_Dataset\Healthy","HP003_hand_spiral_02.png","HP008_hand_spiral_01.png"
"Public_Dataset","Healthy","D:\Final Semester\Thesis Work\Codes\Dataset\Spiral_Handwriting\Public_Dataset\Healthy","HP003_hand_spiral_03.png","HP009_hand_spiral_01.png"
"Public_Dataset","Healthy","D:\Final Semester\Thesis Work\Codes\Dataset\Spiral_Handwriting\Public_Dataset\Healthy","HP004_hand_spiral_01.png","HP010_hand_spiral_01.png"
"Public_Dataset","Healthy","D:\Final Semester\Thesis Work\Codes\Dataset\Spiral_Handwriting\Public_Dataset\Healthy","HP004_hand_spiral_02.png","HP011_hand_spiral_01.png"
"Public_Dataset","Healthy","D:\Final Semester\Thesis Work\Codes\Dataset\Spiral_Handwriting\Public_Dataset\Healthy","HP004_hand_spiral_03.png","HP012_hand_spiral_01.png"
"Public_Dataset","Healthy","D:\Final Semester\Thesis Work\Codes\Dataset\Spiral_Handwriting\Public_Dataset\Healthy","HP005_hand_spiral_01.png","HP013_hand_spiral_01.png"
"Public_Dataset","Healthy","D:\Final Semester\Thesis Work\Codes\Dataset\Spiral_Handwriting\Public_Dataset\Healthy","HP005_hand_spiral_02.png","HP014_hand_spiral_01.png"
"Public_Dataset","Healthy","D:\Final Semester\Thesis Work\Codes\Dataset\Spiral_Handwriting\Public_Dataset\Healthy","HP005_hand_spiral_03.png","HP015_hand_spiral_01.png"
"Public_Dataset","Healthy","D:\Final Semester\Thesis Work\Codes\Dataset\Spiral_Handwriting\Public_Dataset\Healthy","HP006_hand_spiral_01.png","HP016_hand_spiral_01.png"
"Public_Dataset","Healthy","D:\Final Semester\Thesis Work\Codes\Dataset\Spiral_Handwriting\Public_Dataset\Healthy","HP006_hand_spiral_02.png","HP017_hand_spiral_01.png"
"Public_Dataset","Healthy","D:\Final Semester\Thesis Work\Codes\Dataset\Spiral_Handwriting\Public_Dataset\Healthy","HP006_hand_spiral_03.png","HP018_hand_spiral_01.png"
"Public_Dataset","Healthy","D:\Final Semester\Thesis Work\Codes\Dataset\Spiral_Handwriting\Public_Dataset\Healthy","HP007_hand_spiral_01.png","HP019_hand_spiral_01.png"
"Public_Dataset","Healthy","D:\Final Semester\Thesis Work\Codes\Dataset\Spiral_Handwriting\Public_Dataset\Healthy","HP007_hand_spiral_02.png","HP020_hand_spiral_01.png"
"Public_Dataset","Healthy","D:\Final Semester\Thesis Work\Codes\Dataset\Spiral_Handwriting\Public_Dataset\Healthy","HP007_hand_spiral_03.png","HP021_hand_spiral_01.png"
"Public_Dataset","Healthy","D:\Final Semester\Thesis Work\Codes\Dataset\Spiral_Handwriting\Public_Dataset\Healthy","HP008_hand_spiral_01.png","HP022_hand_spiral_01.png"
"Public_Dataset","Healthy","D:\Final Semester\Thesis Work\Codes\Dataset\Spiral_Handwriting\Public_Dataset\Healthy","HP008_hand_spiral_02.png","HP023_hand_spiral_01.png"
"Public_Dataset","Healthy","D:\Final Semester\Thesis Work\Codes\Dataset\Spiral_Handwriting\Public_Dataset\Healthy","HP008_hand_spiral_03.png","HP024_hand_spiral_01.png"
"Public_Dataset","Healthy","D:\Final Semester\Thesis Work\Codes\Dataset\Spiral_Handwriting\Public_Dataset\Healthy","HP009_hand_spiral_01.png","HP025_hand_spiral_01.png"
"Public_Dataset","Healthy","D:\Final Semester\Thesis Work\Codes\Dataset\Spiral_Handwriting\Public_Dataset\Healthy","HP009_hand_spiral_02.png","HP026_hand_spiral_01.png"
"Public_Dataset","Healthy","D:\Final Semester\Thesis Work\Codes\Dataset\Spiral_Handwriting\Public_Dataset\Healthy","HP009_hand_spiral_03.png","HP027_hand_spiral_01.png"
"Public_Dataset","Healthy","D:\Final Semester\Thesis Work\Codes\Dataset\Spiral_Handwriting\Public_Dataset\Healthy","HP009_hand_spiral_04.png","HP028_hand_spiral_01.png"
"Public_Dataset","Healthy","D:\Final Semester\Thesis Work\Codes\Dataset\Spiral_Handwriting\Public_Dataset\Healthy","HP009_hand_spiral_05.png","HP029_hand_spiral_01.png"
"Public_Dataset","Healthy","D:\Final Semester\Thesis Work\Codes\Dataset\Spiral_Handwriting\Public_Dataset\Healthy","HP009_hand_spiral_06.png","HP030_hand_spiral_01.png"
"Public_Dataset","Healthy","D:\Final Semester\Thesis Work\Codes\Dataset\Spiral_Handwriting\Public_Dataset\Healthy","HP009_hand_spiral_07.png","HP031_hand_spiral_01.png"
"Public_Dataset","Healthy","D:\Final Semester\Thesis Work\Codes\Dataset\Spiral_Handwriting\Public_Dataset\Healthy","HP009_hand_spiral_08.png","HP032_hand_spiral_01.png"
"Public_Dataset","Healthy","D:\Final Semester\Thesis Work\Codes\Dataset\Spiral_Handwriting\Public_Dataset\Healthy","HP009_hand_spiral_09.png","HP033_hand_spiral_01.png"
"Public_Dataset","Healthy","D:\Final Semester\Thesis Work\Codes\Dataset\Spiral_Handwriting\Public_Dataset\Healthy","HP009_hand_spiral_10.png","HP034_hand_spiral_01.png"
"Public_Dataset","Healthy","D:\Final Semester\Thesis Work\Codes\Dataset\Spiral_Handwriting\Public_Dataset\Healthy","HP009_hand_spiral_11.png","HP035_hand_spiral_01.png"
"Public_Dataset","Healthy","D:\Final Semester\Thesis Work\Codes\Dataset\Spiral_Handwriting\Public_Dataset\Healthy","HP009_hand_spiral_12.png","HP036_hand_spiral_01.png"
"Public_Dataset","Healthy","D:\Final Semester\Thesis Work\Codes\Dataset\Spiral_Handwriting\Public_Dataset\Healthy","HP009_hand_spiral_13.png","HP037_hand_spiral_01.png"
"Public_Dataset","Healthy","D:\Final Semester\Thesis Work\Codes\Dataset\Spiral_Handwriting\Public_Dataset\Healthy","HP009_hand_spiral_14.png","HP038_hand_spiral_01.png"
"Public_Dataset","Healthy","D:\Final Semester\Thesis Work\Codes\Dataset\Spiral_Handwriting\Public_Dataset\Healthy","HP009_hand_spiral_15.png","HP039_hand_spiral_01.png"
"Public_Dataset","Healthy","D:\Final Semester\Thesis Work\Codes\Dataset\Spiral_Handwriting\Public_Dataset\Healthy","HP010_hand_spiral_01.png","HP040_hand_spiral_01.png"
"Public_Dataset","Healthy","D:\Final Semester\Thesis Work\Codes\Dataset\Spiral_Handwriting\Public_Dataset\Healthy","HP010_hand_spiral_02.png","HP041_hand_spiral_01.png"
"Public_Dataset","Healthy","D:\Final Semester\Thesis Work\Codes\Dataset\Spiral_Handwriting\Public_Dataset\Healthy","HP010_hand_spiral_03.png","HP042_hand_spiral_01.png"
"Public_Dataset","Healthy","D:\Final Semester\Thesis Work\Codes\Dataset\Spiral_Handwriting\Public_Dataset\Healthy","HP011_hand_spiral_01.png","HP043_hand_spiral_01.png"
"Public_Dataset","Healthy","D:\Final Semester\Thesis Work\Codes\Dataset\Spiral_Handwriting\Public_Dataset\Healthy","HP011_hand_spiral_02.png","HP044_hand_spiral_01.png"
"Public_Dataset","Healthy","D:\Final Semester\Thesis Work\Codes\Dataset\Spiral_Handwriting\Public_Dataset\Healthy","HP011_hand_spiral_03.png","HP045_hand_spiral_01.png"
"Public_Dataset","Healthy","D:\Final Semester\Thesis Work\Codes\Dataset\Spiral_Handwriting\Public_Dataset\Healthy","HP012_hand_spiral_01.png","HP046_hand_spiral_01.png"
"Public_Dataset","Healthy","D:\Final Semester\Thesis Work\Codes\Dataset\Spiral_Handwriting\Public_Dataset\Healthy","HP012_hand_spiral_02.png","HP047_hand_spiral_01.png"
"Public_Dataset","Healthy","D:\Final Semester\Thesis Work\Codes\Dataset\Spiral_Handwriting\Public_Dataset\Healthy","HP012_hand_spiral_03.png","HP048_hand_spiral_01.png"
"Public_Dataset","Healthy","D:\Final Semester\Thesis Work\Codes\Dataset\Spiral_Handwriting\Public_Dataset\Healthy","HP013_hand_spiral_01.png","HP049_hand_spiral_01.png"
"Public_Dataset","Healthy","D:\Final Semester\Thesis Work\Codes\Dataset\Spiral_Handwriting\Public_Dataset\Healthy","HP013_hand_spiral_02.png","HP050_hand_spiral_01.png"
"Public_Dataset","Healthy","D:\Final Semester\Thesis Work\Codes\Dataset\Spiral_Handwriting\Public_Dataset\Healthy","HP013_hand_spiral_03.png","HP051_hand_spiral_01.png"
"Public_Dataset","Parkinson","D:\Final Semester\Thesis Work\Codes\Dataset\Spiral_Handwriting\Public_Dataset\Parkinson","PP001_hand_spiral_01.png","PP001_hand_spiral_01.png"
"Public_Dataset","Parkinson","D:\Final Semester\Thesis Work\Codes\Dataset\Spiral_Handwriting\Public_Dataset\Parkinson","PP001_hand_spiral_02.png","PP002_hand_spiral_01.png"
"Public_Dataset","Parkinson","D:\Final Semester\Thesis Work\Codes\Dataset\Spiral_Handwriting\Public_Dataset\Parkinson","PP001_hand_spiral_03.png","PP003_hand_spiral_01.png"
"Public_Dataset","Parkinson","D:\Final Semester\Thesis Work\Codes\Dataset\Spiral_Handwriting\Public_Dataset\Parkinson","PP002_hand_spiral_01.png","PP004_hand_spiral_01.png"
"Public_Dataset","Parkinson","D:\Final Semester\Thesis Work\Codes\Dataset\Spiral_Handwriting\Public_Dataset\Parkinson","PP002_hand_spiral_02.png","PP005_hand_spiral_01.png"
"Public_Dataset","Parkinson","D:\Final Semester\Thesis Work\Codes\Dataset\Spiral_Handwriting\Public_Dataset\Parkinson","PP002_hand_spiral_03.png","PP006_hand_spiral_01.png"
"Public_Dataset","Parkinson","D:\Final Semester\Thesis Work\Codes\Dataset\Spiral_Handwriting\Public_Dataset\Parkinson","PP003_hand_spiral_01.png","PP007_hand_spiral_01.png"
"Public_Dataset","Parkinson","D:\Final Semester\Thesis Work\Codes\Dataset\Spiral_Handwriting\Public_Dataset\Parkinson","PP003_hand_spiral_02.png","PP008_hand_spiral_01.png"
"Public_Dataset","Parkinson","D:\Final Semester\Thesis Work\Codes\Dataset\Spiral_Handwriting\Public_Dataset\Parkinson","PP003_hand_spiral_03.png","PP009_hand_spiral_01.png"
"Public_Dataset","Parkinson","D:\Final Semester\Thesis Work\Codes\Dataset\Spiral_Handwriting\Public_Dataset\Parkinson","PP004_hand_spiral_01.png","PP010_hand_spiral_01.png"
"Public_Dataset","Parkinson","D:\Final Semester\Thesis Work\Codes\Dataset\Spiral_Handwriting\Public_Dataset\Parkinson","PP004_hand_spiral_02.png","PP011_hand_spiral_01.png"
"Public_Dataset","Parkinson","D:\Final Semester\Thesis Work\Codes\Dataset\Spiral_Handwriting\Public_Dataset\Parkinson","PP004_hand_spiral_03.png","PP012_hand_spiral_01.png"
"Public_Dataset","Parkinson","D:\Final Semester\Thesis Work\Codes\Dataset\Spiral_Handwriting\Public_Dataset\Parkinson","PP005_hand_spiral_01.png","PP013_hand_spiral_01.png"
"Public_Dataset","Parkinson","D:\Final Semester\Thesis Work\Codes\Dataset\Spiral_Handwriting\Public_Dataset\Parkinson","PP005_hand_spiral_02.png","PP014_hand_spiral_01.png"
"Public_Dataset","Parkinson","D:\Final Semester\Thesis Work\Codes\Dataset\Spiral_Handwriting\Public_Dataset\Parkinson","PP005_hand_spiral_03.png","PP015_hand_spiral_01.png"
"Public_Dataset","Parkinson","D:\Final Semester\Thesis Work\Codes\Dataset\Spiral_Handwriting\Public_Dataset\Parkinson","PP006_hand_spiral_01.png","PP016_hand_spiral_01.png"
"Public_Dataset","Parkinson","D:\Final Semester\Thesis Work\Codes\Dataset\Spiral_Handwriting\Public_Dataset\Parkinson","PP006_hand_spiral_02.png","PP017_hand_spiral_01.png"
"Public_Dataset","Parkinson","D:\Final Semester\Thesis Work\Codes\Dataset\Spiral_Handwriting\Public_Dataset\Parkinson","PP006_hand_spiral_03.png","PP018_hand_spiral_01.png"
"Public_Dataset","Parkinson","D:\Final Semester\Thesis Work\Codes\Dataset\Spiral_Handwriting\Public_Dataset\Parkinson","PP007_hand_spiral_01.png","PP019_hand_spiral_01.png"
"Public_Dataset","Parkinson","D:\Final Semester\Thesis Work\Codes\Dataset\Spiral_Handwriting\Public_Dataset\Parkinson","PP007_hand_spiral_02.png","PP020_hand_spiral_01.png"
"Public_Dataset","Parkinson","D:\Final Semester\Thesis Work\Codes\Dataset\Spiral_Handwriting\Public_Dataset\Parkinson","PP007_hand_spiral_03.png","PP021_hand_spiral_01.png"
"Public_Dataset","Parkinson","D:\Final Semester\Thesis Work\Codes\Dataset\Spiral_Handwriting\Public_Dataset\Parkinson","PP008_hand_spiral_01.png","PP022_hand_spiral_01.png"
"Public_Dataset","Parkinson","D:\Final Semester\Thesis Work\Codes\Dataset\Spiral_Handwriting\Public_Dataset\Parkinson","PP008_hand_spiral_02.png","PP023_hand_spiral_01.png"
"Public_Dataset","Parkinson","D:\Final Semester\Thesis Work\Codes\Dataset\Spiral_Handwriting\Public_Dataset\Parkinson","PP008_hand_spiral_03.png","PP024_hand_spiral_01.png"
"Public_Dataset","Parkinson","D:\Final Semester\Thesis Work\Codes\Dataset\Spiral_Handwriting\Public_Dataset\Parkinson","PP009_hand_spiral_01.png","PP025_hand_spiral_01.png"
"Public_Dataset","Parkinson","D:\Final Semester\Thesis Work\Codes\Dataset\Spiral_Handwriting\Public_Dataset\Parkinson","PP009_hand_spiral_02.png","PP026_hand_spiral_01.png"
"Public_Dataset","Parkinson","D:\Final Semester\Thesis Work\Codes\Dataset\Spiral_Handwriting\Public_Dataset\Parkinson","PP009_hand_spiral_03.png","PP027_hand_spiral_01.png"
"Public_Dataset","Parkinson","D:\Final Semester\Thesis Work\Codes\Dataset\Spiral_Handwriting\Public_Dataset\Parkinson","PP009_hand_spiral_04.png","PP028_hand_spiral_01.png"
"Public_Dataset","Parkinson","D:\Final Semester\Thesis Work\Codes\Dataset\Spiral_Handwriting\Public_Dataset\Parkinson","PP009_hand_spiral_05.png","PP029_hand_spiral_01.png"
"Public_Dataset","Parkinson","D:\Final Semester\Thesis Work\Codes\Dataset\Spiral_Handwriting\Public_Dataset\Parkinson","PP009_hand_spiral_06.png","PP030_hand_spiral_01.png"
"Public_Dataset","Parkinson","D:\Final Semester\Thesis Work\Codes\Dataset\Spiral_Handwriting\Public_Dataset\Parkinson","PP009_hand_spiral_07.png","PP031_hand_spiral_01.png"
"Public_Dataset","Parkinson","D:\Final Semester\Thesis Work\Codes\Dataset\Spiral_Handwriting\Public_Dataset\Parkinson","PP009_hand_spiral_08.png","PP032_hand_spiral_01.png"
"Public_Dataset","Parkinson","D:\Final Semester\Thesis Work\Codes\Dataset\Spiral_Handwriting\Public_Dataset\Parkinson","PP009_hand_spiral_09.png","PP033_hand_spiral_01.png"
"Public_Dataset","Parkinson","D:\Final Semester\Thesis Work\Codes\Dataset\Spiral_Handwriting\Public_Dataset\Parkinson","PP010_hand_spiral_01.png","PP034_hand_spiral_01.png"
"Public_Dataset","Parkinson","D:\Final Semester\Thesis Work\Codes\Dataset\Spiral_Handwriting\Public_Dataset\Parkinson","PP010_hand_spiral_02.png","PP035_hand_spiral_01.png"
"Public_Dataset","Parkinson","D:\Final Semester\Thesis Work\Codes\Dataset\Spiral_Handwriting\Public_Dataset\Parkinson","PP010_hand_spiral_03.png","PP036_hand_spiral_01.png"
"Public_Dataset","Parkinson","D:\Final Semester\Thesis Work\Codes\Dataset\Spiral_Handwriting\Public_Dataset\Parkinson","PP011_hand_spiral_01.png","PP037_hand_spiral_01.png"
"Public_Dataset","Parkinson","D:\Final Semester\Thesis Work\Codes\Dataset\Spiral_Handwriting\Public_Dataset\Parkinson","PP011_hand_spiral_02.png","PP038_hand_spiral_01.png"
"Public_Dataset","Parkinson","D:\Final Semester\Thesis Work\Codes\Dataset\Spiral_Handwriting\Public_Dataset\Parkinson","PP011_hand_spiral_03.png","PP039_hand_spiral_01.png"
"Public_Dataset","Parkinson","D:\Final Semester\Thesis Work\Codes\Dataset\Spiral_Handwriting\Public_Dataset\Parkinson","PP012_hand_spiral_01.png","PP040_hand_spiral_01.png"
"Public_Dataset","Parkinson","D:\Final Semester\Thesis Work\Codes\Dataset\Spiral_Handwriting\Public_Dataset\Parkinson","PP012_hand_spiral_02.png","PP041_hand_spiral_01.png"
"Public_Dataset","Parkinson","D:\Final Semester\Thesis Work\Codes\Dataset\Spiral_Handwriting\Public_Dataset\Parkinson","PP012_hand_spiral_03.png","PP042_hand_spiral_01.png"
"Public_Dataset","Parkinson","D:\Final Semester\Thesis Work\Codes\Dataset\Spiral_Handwriting\Public_Dataset\Parkinson","PP013_hand_spiral_01.png","PP043_hand_spiral_01.png"
"Public_Dataset","Parkinson","D:\Final Semester\Thesis Work\Codes\Dataset\Spiral_Handwriting\Public_Dataset\Parkinson","PP013_hand_spiral_02.png","PP044_hand_spiral_01.png"
"Public_Dataset","Parkinson","D:\Final Semester\Thesis Work\Codes\Dataset\Spiral_Handwriting\Public_Dataset\Parkinson","PP013_hand_spiral_03.png","PP045_hand_spiral_01.png"
"Public_Dataset","Parkinson","D:\Final Semester\Thesis Work\Codes\Dataset\Spiral_Handwriting\Public_Dataset\Parkinson","PP014_hand_spiral_01.png","PP046_hand_spiral_01.png"
"Public_Dataset","Parkinson","D:\Final Semester\Thesis Work\Codes\Dataset\Spiral_Handwriting\Public_Dataset\Parkinson","PP014_hand_spiral_02.png","PP047_hand_spiral_01.png"
"Public_Dataset","Parkinson","D:\Final Semester\Thesis Work\Codes\Dataset\Spiral_Handwriting\Public_Dataset\Parkinson","PP014_hand_spiral_03.png","PP048_hand_spiral_01.png"
"Public_Dataset","Parkinson","D:\Final Semester\Thesis Work\Codes\Dataset\Spiral_Handwriting\Public_Dataset\Parkinson","PP015_hand_spiral_01.png","PP049_hand_spiral_01.png"
"Public_Dataset","Parkinson","D:\Final Semester\Thesis Work\Codes\Dataset\Spiral_Handwriting\Public_Dataset\Parkinson","PP015_hand_spiral_02.png","PP050_hand_spiral_01.png"
"Public_Dataset","Parkinson","D:\Final Semester\Thesis Work\Codes\Dataset\Spiral_Handwriting\Public_Dataset\Parkinson","PP015_hand_spiral_03.png","PP051_hand_spiral_01.png"
